{"frames":{"output_008.png":{"frame":{"x":2,"y":2,"w":1000,"h":1000},"rotated":false,"trimmed":false,"spriteSourceSize":{"x":0,"y":0,"w":1000,"h":1000},"sourceSize":{"w":1000,"h":1000}},"output_007.png":{"frame":{"x":1004,"y":2,"w":1000,"h":1000},"rotated":false,"trimmed":false,"spriteSourceSize":{"x":0,"y":0,"w":1000,"h":1000},"sourceSize":{"w":1000,"h":1000}},"output_006.png":{"frame":{"x":2,"y":1004,"w":1000,"h":1000},"rotated":false,"trimmed":false,"spriteSourceSize":{"x":0,"y":0,"w":1000,"h":1000},"sourceSize":{"w":1000,"h":1000}},"output_005.png":{"frame":{"x":1004,"y":1004,"w":1000,"h":1000},"rotated":false,"trimmed":false,"spriteSourceSize":{"x":0,"y":0,"w":1000,"h":1000},"sourceSize":{"w":1000,"h":1000}},"output_004.png":{"frame":{"x":2006,"y":2,"w":1000,"h":1000},"rotated":false,"trimmed":false,"spriteSourceSize":{"x":0,"y":0,"w":1000,"h":1000},"sourceSize":{"w":1000,"h":1000}},"output_003.png":{"frame":{"x":2006,"y":1004,"w":1000,"h":1000},"rotated":false,"trimmed":false,"spriteSourceSize":{"x":0,"y":0,"w":1000,"h":1000},"sourceSize":{"w":1000,"h":1000}},"output_002.png":{"frame":{"x":2,"y":2006,"w":1000,"h":1000},"rotated":false,"trimmed":false,"spriteSourceSize":{"x":0,"y":0,"w":1000,"h":1000},"sourceSize":{"w":1000,"h":1000}},"output_001.png":{"frame":{"x":1004,"y":2006,"w":1000,"h":1000},"rotated":false,"trimmed":false,"spriteSourceSize":{"x":0,"y":0,"w":1000,"h":1000},"sourceSize":{"w":1000,"h":1000}}},"meta":{"app":"http://github.com/pixijs/assetpack","version":"1.0","image":"animated-4.png","format":"RGBA8888","size":{"w":3903,"h":3764},"scale":1,"related_multi_packs":null}}