{"frames":{"output_099.png":{"frame":{"x":2,"y":2,"w":668,"h":526},"rotated":false,"trimmed":true,"spriteSourceSize":{"x":166,"y":303,"w":668,"h":526},"sourceSize":{"w":1000,"h":1000}},"output_098.png":{"frame":{"x":2,"y":530,"w":732,"h":526},"rotated":false,"trimmed":true,"spriteSourceSize":{"x":167,"y":303,"w":732,"h":526},"sourceSize":{"w":1000,"h":1000}},"output_097.png":{"frame":{"x":736,"y":2,"w":737,"h":526},"rotated":true,"trimmed":true,"spriteSourceSize":{"x":163,"y":303,"w":737,"h":526},"sourceSize":{"w":1000,"h":1000}},"output_096.png":{"frame":{"x":736,"y":741,"w":733,"h":526},"rotated":true,"trimmed":true,"spriteSourceSize":{"x":167,"y":303,"w":733,"h":526},"sourceSize":{"w":1000,"h":1000}},"output_095.png":{"frame":{"x":2,"y":1058,"w":664,"h":526},"rotated":false,"trimmed":true,"spriteSourceSize":{"x":168,"y":303,"w":664,"h":526},"sourceSize":{"w":1000,"h":1000}},"output_094.png":{"frame":{"x":1264,"y":2,"w":664,"h":526},"rotated":true,"trimmed":true,"spriteSourceSize":{"x":168,"y":303,"w":664,"h":526},"sourceSize":{"w":1000,"h":1000}},"output_093.png":{"frame":{"x":1264,"y":668,"w":660,"h":526},"rotated":true,"trimmed":true,"spriteSourceSize":{"x":170,"y":303,"w":660,"h":526},"sourceSize":{"w":1000,"h":1000}},"output_092.png":{"frame":{"x":1264,"y":1330,"w":660,"h":526},"rotated":true,"trimmed":true,"spriteSourceSize":{"x":170,"y":303,"w":660,"h":526},"sourceSize":{"w":1000,"h":1000}},"output_091.png":{"frame":{"x":2,"y":1586,"w":660,"h":526},"rotated":false,"trimmed":true,"spriteSourceSize":{"x":170,"y":303,"w":660,"h":526},"sourceSize":{"w":1000,"h":1000}},"output_090.png":{"frame":{"x":1792,"y":2,"w":660,"h":526},"rotated":true,"trimmed":true,"spriteSourceSize":{"x":170,"y":303,"w":660,"h":526},"sourceSize":{"w":1000,"h":1000}},"output_089.png":{"frame":{"x":1792,"y":664,"w":662,"h":526},"rotated":true,"trimmed":true,"spriteSourceSize":{"x":168,"y":303,"w":662,"h":526},"sourceSize":{"w":1000,"h":1000}},"output_088.png":{"frame":{"x":1792,"y":1328,"w":664,"h":526},"rotated":true,"trimmed":true,"spriteSourceSize":{"x":168,"y":303,"w":664,"h":526},"sourceSize":{"w":1000,"h":1000}},"output_087.png":{"frame":{"x":2,"y":2114,"w":712,"h":526},"rotated":false,"trimmed":true,"spriteSourceSize":{"x":168,"y":303,"w":712,"h":526},"sourceSize":{"w":1000,"h":1000}},"output_086.png":{"frame":{"x":716,"y":1476,"w":664,"h":526},"rotated":true,"trimmed":true,"spriteSourceSize":{"x":168,"y":303,"w":664,"h":526},"sourceSize":{"w":1000,"h":1000}},"output_085.png":{"frame":{"x":1244,"y":1994,"w":732,"h":526},"rotated":false,"trimmed":true,"spriteSourceSize":{"x":168,"y":303,"w":732,"h":526},"sourceSize":{"w":1000,"h":1000}},"output_084.png":{"frame":{"x":2320,"y":2,"w":733,"h":526},"rotated":true,"trimmed":true,"spriteSourceSize":{"x":167,"y":303,"w":733,"h":526},"sourceSize":{"w":1000,"h":1000}},"output_083.png":{"frame":{"x":2320,"y":737,"w":733,"h":526},"rotated":true,"trimmed":true,"spriteSourceSize":{"x":167,"y":303,"w":733,"h":526},"sourceSize":{"w":1000,"h":1000}},"output_082.png":{"frame":{"x":2320,"y":1472,"w":733,"h":526},"rotated":true,"trimmed":true,"spriteSourceSize":{"x":167,"y":303,"w":733,"h":526},"sourceSize":{"w":1000,"h":1000}},"output_081.png":{"frame":{"x":716,"y":2142,"w":734,"h":526},"rotated":true,"trimmed":true,"spriteSourceSize":{"x":166,"y":303,"w":734,"h":526},"sourceSize":{"w":1000,"h":1000}},"output_080.png":{"frame":{"x":1244,"y":2522,"w":734,"h":526},"rotated":false,"trimmed":true,"spriteSourceSize":{"x":166,"y":303,"w":734,"h":526},"sourceSize":{"w":1000,"h":1000}},"output_079.png":{"frame":{"x":1980,"y":2207,"w":734,"h":526},"rotated":false,"trimmed":true,"spriteSourceSize":{"x":166,"y":303,"w":734,"h":526},"sourceSize":{"w":1000,"h":1000}},"output_078.png":{"frame":{"x":2848,"y":2,"w":734,"h":526},"rotated":true,"trimmed":true,"spriteSourceSize":{"x":166,"y":303,"w":734,"h":526},"sourceSize":{"w":1000,"h":1000}},"output_077.png":{"frame":{"x":2848,"y":738,"w":734,"h":526},"rotated":true,"trimmed":true,"spriteSourceSize":{"x":166,"y":303,"w":734,"h":526},"sourceSize":{"w":1000,"h":1000}},"output_076.png":{"frame":{"x":2848,"y":1474,"w":736,"h":526},"rotated":true,"trimmed":true,"spriteSourceSize":{"x":164,"y":303,"w":736,"h":526},"sourceSize":{"w":1000,"h":1000}},"output_075.png":{"frame":{"x":2716,"y":2212,"w":736,"h":526},"rotated":true,"trimmed":true,"spriteSourceSize":{"x":164,"y":303,"w":736,"h":526},"sourceSize":{"w":1000,"h":1000}},"output_074.png":{"frame":{"x":1980,"y":2950,"w":736,"h":524},"rotated":true,"trimmed":true,"spriteSourceSize":{"x":164,"y":305,"w":736,"h":524},"sourceSize":{"w":1000,"h":1000}},"output_073.png":{"frame":{"x":2506,"y":2950,"w":736,"h":524},"rotated":true,"trimmed":true,"spriteSourceSize":{"x":164,"y":305,"w":736,"h":524},"sourceSize":{"w":1000,"h":1000}},"output_072.png":{"frame":{"x":2,"y":2878,"w":737,"h":524},"rotated":true,"trimmed":true,"spriteSourceSize":{"x":163,"y":305,"w":737,"h":524},"sourceSize":{"w":1000,"h":1000}},"output_071.png":{"frame":{"x":528,"y":2878,"w":737,"h":524},"rotated":true,"trimmed":true,"spriteSourceSize":{"x":163,"y":305,"w":737,"h":524},"sourceSize":{"w":1000,"h":1000}},"output_070.png":{"frame":{"x":1054,"y":3050,"w":737,"h":524},"rotated":false,"trimmed":true,"spriteSourceSize":{"x":163,"y":305,"w":737,"h":524},"sourceSize":{"w":1000,"h":1000}},"output_069.png":{"frame":{"x":3376,"y":2,"w":738,"h":525},"rotated":true,"trimmed":true,"spriteSourceSize":{"x":162,"y":305,"w":738,"h":525},"sourceSize":{"w":1000,"h":1000}},"output_068.png":{"frame":{"x":3376,"y":742,"w":738,"h":525},"rotated":true,"trimmed":true,"spriteSourceSize":{"x":162,"y":305,"w":738,"h":525},"sourceSize":{"w":1000,"h":1000}},"output_067.png":{"frame":{"x":3376,"y":1482,"w":738,"h":524},"rotated":true,"trimmed":true,"spriteSourceSize":{"x":162,"y":306,"w":738,"h":524},"sourceSize":{"w":1000,"h":1000}},"output_066.png":{"frame":{"x":3032,"y":2950,"w":738,"h":524},"rotated":true,"trimmed":true,"spriteSourceSize":{"x":162,"y":307,"w":738,"h":524},"sourceSize":{"w":1000,"h":1000}},"output_024.png":{"frame":{"x":3244,"y":2222,"w":726,"h":518},"rotated":true,"trimmed":true,"spriteSourceSize":{"x":166,"y":351,"w":726,"h":518},"sourceSize":{"w":1000,"h":1000}}},"meta":{"app":"http://github.com/pixijs/assetpack","version":"1.0","image":"animated-1.png","format":"RGBA8888","size":{"w":3903,"h":3764},"scale":1,"related_multi_packs":null}}