{"frames":{"output_131.png":{"frame":{"x":2,"y":2,"w":800,"h":748},"rotated":false,"trimmed":true,"spriteSourceSize":{"x":100,"y":118,"w":800,"h":748},"sourceSize":{"w":1000,"h":1000}},"output_130.png":{"frame":{"x":2,"y":752,"w":800,"h":748},"rotated":false,"trimmed":true,"spriteSourceSize":{"x":100,"y":101,"w":800,"h":748},"sourceSize":{"w":1000,"h":1000}},"output_129.png":{"frame":{"x":804,"y":2,"w":800,"h":729},"rotated":true,"trimmed":true,"spriteSourceSize":{"x":100,"y":100,"w":800,"h":729},"sourceSize":{"w":1000,"h":1000}},"output_128.png":{"frame":{"x":2,"y":1502,"w":785,"h":656},"rotated":false,"trimmed":true,"spriteSourceSize":{"x":115,"y":173,"w":785,"h":656},"sourceSize":{"w":1000,"h":1000}},"output_127.png":{"frame":{"x":789,"y":1502,"w":730,"h":639},"rotated":false,"trimmed":true,"spriteSourceSize":{"x":133,"y":190,"w":730,"h":639},"sourceSize":{"w":1000,"h":1000}},"output_126.png":{"frame":{"x":804,"y":804,"w":669,"h":613},"rotated":true,"trimmed":true,"spriteSourceSize":{"x":163,"y":216,"w":669,"h":613},"sourceSize":{"w":1000,"h":1000}},"output_125.png":{"frame":{"x":1535,"y":2,"w":706,"h":596},"rotated":true,"trimmed":true,"spriteSourceSize":{"x":170,"y":233,"w":706,"h":596},"sourceSize":{"w":1000,"h":1000}},"output_124.png":{"frame":{"x":1419,"y":804,"w":712,"h":593},"rotated":false,"trimmed":true,"spriteSourceSize":{"x":170,"y":251,"w":712,"h":593},"sourceSize":{"w":1000,"h":1000}},"output_123.png":{"frame":{"x":1521,"y":1399,"w":713,"h":604},"rotated":true,"trimmed":true,"spriteSourceSize":{"x":170,"y":270,"w":713,"h":604},"sourceSize":{"w":1000,"h":1000}},"output_122.png":{"frame":{"x":2133,"y":2,"w":715,"h":620},"rotated":true,"trimmed":true,"spriteSourceSize":{"x":170,"y":279,"w":715,"h":620},"sourceSize":{"w":1000,"h":1000}},"output_121.png":{"frame":{"x":2127,"y":1399,"w":730,"h":545},"rotated":true,"trimmed":true,"spriteSourceSize":{"x":170,"y":284,"w":730,"h":545},"sourceSize":{"w":1000,"h":1000}},"output_120.png":{"frame":{"x":2,"y":2160,"w":731,"h":546},"rotated":false,"trimmed":true,"spriteSourceSize":{"x":169,"y":283,"w":731,"h":546},"sourceSize":{"w":1000,"h":1000}},"output_119.png":{"frame":{"x":789,"y":2143,"w":763,"h":549},"rotated":false,"trimmed":true,"spriteSourceSize":{"x":137,"y":280,"w":763,"h":549},"sourceSize":{"w":1000,"h":1000}},"output_118.png":{"frame":{"x":1554,"y":2131,"w":769,"h":527},"rotated":false,"trimmed":true,"spriteSourceSize":{"x":112,"y":302,"w":769,"h":527},"sourceSize":{"w":1000,"h":1000}},"output_117.png":{"frame":{"x":2,"y":2708,"w":800,"h":526},"rotated":false,"trimmed":true,"spriteSourceSize":{"x":100,"y":303,"w":800,"h":526},"sourceSize":{"w":1000,"h":1000}},"output_116.png":{"frame":{"x":804,"y":2694,"w":783,"h":526},"rotated":false,"trimmed":true,"spriteSourceSize":{"x":106,"y":303,"w":783,"h":526},"sourceSize":{"w":1000,"h":1000}},"output_115.png":{"frame":{"x":1589,"y":2660,"w":800,"h":526},"rotated":false,"trimmed":true,"spriteSourceSize":{"x":100,"y":303,"w":800,"h":526},"sourceSize":{"w":1000,"h":1000}},"output_114.png":{"frame":{"x":2755,"y":2,"w":758,"h":526},"rotated":true,"trimmed":true,"spriteSourceSize":{"x":121,"y":303,"w":758,"h":526},"sourceSize":{"w":1000,"h":1000}},"output_113.png":{"frame":{"x":2325,"y":2131,"w":727,"h":526},"rotated":false,"trimmed":true,"spriteSourceSize":{"x":135,"y":303,"w":727,"h":526},"sourceSize":{"w":1000,"h":1000}},"output_112.png":{"frame":{"x":2391,"y":2659,"w":706,"h":526},"rotated":false,"trimmed":true,"spriteSourceSize":{"x":157,"y":303,"w":706,"h":526},"sourceSize":{"w":1000,"h":1000}},"output_111.png":{"frame":{"x":2674,"y":762,"w":684,"h":526},"rotated":true,"trimmed":true,"spriteSourceSize":{"x":158,"y":303,"w":684,"h":526},"sourceSize":{"w":1000,"h":1000}},"output_110.png":{"frame":{"x":2,"y":3236,"w":740,"h":526},"rotated":false,"trimmed":true,"spriteSourceSize":{"x":158,"y":303,"w":740,"h":526},"sourceSize":{"w":1000,"h":1000}},"output_109.png":{"frame":{"x":744,"y":3236,"w":684,"h":526},"rotated":false,"trimmed":true,"spriteSourceSize":{"x":158,"y":303,"w":684,"h":526},"sourceSize":{"w":1000,"h":1000}},"output_108.png":{"frame":{"x":1430,"y":3222,"w":684,"h":526},"rotated":false,"trimmed":true,"spriteSourceSize":{"x":158,"y":303,"w":684,"h":526},"sourceSize":{"w":1000,"h":1000}},"output_107.png":{"frame":{"x":2116,"y":3188,"w":684,"h":526},"rotated":false,"trimmed":true,"spriteSourceSize":{"x":158,"y":303,"w":684,"h":526},"sourceSize":{"w":1000,"h":1000}},"output_106.png":{"frame":{"x":3283,"y":2,"w":684,"h":526},"rotated":true,"trimmed":true,"spriteSourceSize":{"x":158,"y":303,"w":684,"h":526},"sourceSize":{"w":1000,"h":1000}},"output_105.png":{"frame":{"x":3283,"y":688,"w":682,"h":526},"rotated":true,"trimmed":true,"spriteSourceSize":{"x":158,"y":303,"w":682,"h":526},"sourceSize":{"w":1000,"h":1000}},"output_104.png":{"frame":{"x":3054,"y":1448,"w":739,"h":526},"rotated":false,"trimmed":true,"spriteSourceSize":{"x":160,"y":303,"w":739,"h":526},"sourceSize":{"w":1000,"h":1000}},"output_103.png":{"frame":{"x":3054,"y":1976,"w":735,"h":526},"rotated":false,"trimmed":true,"spriteSourceSize":{"x":160,"y":303,"w":735,"h":526},"sourceSize":{"w":1000,"h":1000}},"output_102.png":{"frame":{"x":2802,"y":3187,"w":740,"h":526},"rotated":false,"trimmed":true,"spriteSourceSize":{"x":160,"y":303,"w":740,"h":526},"sourceSize":{"w":1000,"h":1000}},"output_101.png":{"frame":{"x":2133,"y":719,"w":673,"h":526},"rotated":true,"trimmed":true,"spriteSourceSize":{"x":163,"y":303,"w":673,"h":526},"sourceSize":{"w":1000,"h":1000}},"output_100.png":{"frame":{"x":3099,"y":2504,"w":672,"h":526},"rotated":true,"trimmed":true,"spriteSourceSize":{"x":164,"y":303,"w":672,"h":526},"sourceSize":{"w":1000,"h":1000}},"output_014.png":{"frame":{"x":2674,"y":1448,"w":552,"h":345},"rotated":true,"trimmed":true,"spriteSourceSize":{"x":200,"y":526,"w":552,"h":345},"sourceSize":{"w":1000,"h":1000}}},"meta":{"app":"http://github.com/pixijs/assetpack","version":"1.0","image":"animated-0.png","format":"RGBA8888","size":{"w":3903,"h":3764},"scale":1,"related_multi_packs":["animated-1.png.json","animated-2.png.json","animated-3.png.json","animated-4.png.json"]}}