{"frames":{"output_031.png":{"frame":{"x":2,"y":2,"w":800,"h":515},"rotated":false,"trimmed":true,"spriteSourceSize":{"x":100,"y":344,"w":800,"h":515},"sourceSize":{"w":1000,"h":1000}},"output_030.png":{"frame":{"x":2,"y":519,"w":800,"h":516},"rotated":false,"trimmed":true,"spriteSourceSize":{"x":100,"y":344,"w":800,"h":516},"sourceSize":{"w":1000,"h":1000}},"output_029.png":{"frame":{"x":804,"y":2,"w":800,"h":515},"rotated":true,"trimmed":true,"spriteSourceSize":{"x":100,"y":346,"w":800,"h":515},"sourceSize":{"w":1000,"h":1000}},"output_028.png":{"frame":{"x":2,"y":1037,"w":797,"h":515},"rotated":false,"trimmed":true,"spriteSourceSize":{"x":100,"y":347,"w":797,"h":515},"sourceSize":{"w":1000,"h":1000}},"output_027.png":{"frame":{"x":1321,"y":2,"w":800,"h":517},"rotated":true,"trimmed":true,"spriteSourceSize":{"x":100,"y":347,"w":800,"h":517},"sourceSize":{"w":1000,"h":1000}},"output_026.png":{"frame":{"x":804,"y":804,"w":773,"h":518},"rotated":false,"trimmed":true,"spriteSourceSize":{"x":125,"y":348,"w":773,"h":518},"sourceSize":{"w":1000,"h":1000}},"output_025.png":{"frame":{"x":2,"y":1554,"w":733,"h":517},"rotated":false,"trimmed":true,"spriteSourceSize":{"x":166,"y":350,"w":733,"h":517},"sourceSize":{"w":1000,"h":1000}},"output_023.png":{"frame":{"x":801,"y":1324,"w":775,"h":518},"rotated":false,"trimmed":true,"spriteSourceSize":{"x":109,"y":352,"w":775,"h":518},"sourceSize":{"w":1000,"h":1000}},"output_022.png":{"frame":{"x":1840,"y":2,"w":664,"h":517},"rotated":true,"trimmed":true,"spriteSourceSize":{"x":168,"y":354,"w":664,"h":517},"sourceSize":{"w":1000,"h":1000}},"output_021.png":{"frame":{"x":1578,"y":1324,"w":664,"h":518},"rotated":true,"trimmed":true,"spriteSourceSize":{"x":168,"y":355,"w":664,"h":518},"sourceSize":{"w":1000,"h":1000}},"output_020.png":{"frame":{"x":1579,"y":804,"w":656,"h":512},"rotated":false,"trimmed":true,"spriteSourceSize":{"x":170,"y":356,"w":656,"h":512},"sourceSize":{"w":1000,"h":1000}},"output_019.png":{"frame":{"x":2,"y":2073,"w":650,"h":508},"rotated":false,"trimmed":true,"spriteSourceSize":{"x":174,"y":362,"w":650,"h":508},"sourceSize":{"w":1000,"h":1000}},"output_018.png":{"frame":{"x":654,"y":2073,"w":647,"h":508},"rotated":false,"trimmed":true,"spriteSourceSize":{"x":175,"y":364,"w":647,"h":508},"sourceSize":{"w":1000,"h":1000}},"output_017.png":{"frame":{"x":1303,"y":1990,"w":640,"h":506},"rotated":false,"trimmed":true,"spriteSourceSize":{"x":176,"y":367,"w":640,"h":506},"sourceSize":{"w":1000,"h":1000}},"output_016.png":{"frame":{"x":2359,"y":2,"w":643,"h":501},"rotated":true,"trimmed":true,"spriteSourceSize":{"x":177,"y":373,"w":643,"h":501},"sourceSize":{"w":1000,"h":1000}},"output_015.png":{"frame":{"x":1945,"y":1990,"w":568,"h":448},"rotated":true,"trimmed":true,"spriteSourceSize":{"x":180,"y":424,"w":568,"h":448},"sourceSize":{"w":1000,"h":1000}},"output_013.png":{"frame":{"x":2,"y":2583,"w":1000,"h":1000},"rotated":false,"trimmed":false,"spriteSourceSize":{"x":0,"y":0,"w":1000,"h":1000},"sourceSize":{"w":1000,"h":1000}},"output_012.png":{"frame":{"x":1004,"y":2583,"w":1000,"h":1000},"rotated":false,"trimmed":false,"spriteSourceSize":{"x":0,"y":0,"w":1000,"h":1000},"sourceSize":{"w":1000,"h":1000}},"output_011.png":{"frame":{"x":2862,"y":2,"w":1000,"h":1000},"rotated":false,"trimmed":false,"spriteSourceSize":{"x":0,"y":0,"w":1000,"h":1000},"sourceSize":{"w":1000,"h":1000}},"output_010.png":{"frame":{"x":2006,"y":2560,"w":1000,"h":1000},"rotated":false,"trimmed":false,"spriteSourceSize":{"x":0,"y":0,"w":1000,"h":1000},"sourceSize":{"w":1000,"h":1000}},"output_009.png":{"frame":{"x":2395,"y":1004,"w":1000,"h":1000},"rotated":false,"trimmed":false,"spriteSourceSize":{"x":0,"y":0,"w":1000,"h":1000},"sourceSize":{"w":1000,"h":1000}}},"meta":{"app":"http://github.com/pixijs/assetpack","version":"1.0","image":"animated-3.png","format":"RGBA8888","size":{"w":3903,"h":3764},"scale":1,"related_multi_packs":null}}