{"frames":{"output_065.png":{"frame":{"x":2,"y":2,"w":740,"h":524},"rotated":false,"trimmed":true,"spriteSourceSize":{"x":160,"y":307,"w":740,"h":524},"sourceSize":{"w":1000,"h":1000}},"output_064.png":{"frame":{"x":2,"y":528,"w":740,"h":523},"rotated":false,"trimmed":true,"spriteSourceSize":{"x":160,"y":308,"w":740,"h":523},"sourceSize":{"w":1000,"h":1000}},"output_063.png":{"frame":{"x":744,"y":2,"w":740,"h":522},"rotated":true,"trimmed":true,"spriteSourceSize":{"x":160,"y":310,"w":740,"h":522},"sourceSize":{"w":1000,"h":1000}},"output_062.png":{"frame":{"x":744,"y":744,"w":740,"h":522},"rotated":true,"trimmed":true,"spriteSourceSize":{"x":160,"y":310,"w":740,"h":522},"sourceSize":{"w":1000,"h":1000}},"output_061.png":{"frame":{"x":1268,"y":2,"w":740,"h":523},"rotated":true,"trimmed":true,"spriteSourceSize":{"x":160,"y":310,"w":740,"h":523},"sourceSize":{"w":1000,"h":1000}},"output_060.png":{"frame":{"x":2,"y":1053,"w":740,"h":521},"rotated":false,"trimmed":true,"spriteSourceSize":{"x":160,"y":312,"w":740,"h":521},"sourceSize":{"w":1000,"h":1000}},"output_059.png":{"frame":{"x":1268,"y":744,"w":742,"h":521},"rotated":true,"trimmed":true,"spriteSourceSize":{"x":158,"y":313,"w":742,"h":521},"sourceSize":{"w":1000,"h":1000}},"output_058.png":{"frame":{"x":2,"y":1576,"w":742,"h":521},"rotated":false,"trimmed":true,"spriteSourceSize":{"x":158,"y":313,"w":742,"h":521},"sourceSize":{"w":1000,"h":1000}},"output_057.png":{"frame":{"x":746,"y":1488,"w":742,"h":519},"rotated":false,"trimmed":true,"spriteSourceSize":{"x":158,"y":315,"w":742,"h":519},"sourceSize":{"w":1000,"h":1000}},"output_056.png":{"frame":{"x":1793,"y":2,"w":742,"h":520},"rotated":true,"trimmed":true,"spriteSourceSize":{"x":158,"y":315,"w":742,"h":520},"sourceSize":{"w":1000,"h":1000}},"output_055.png":{"frame":{"x":1791,"y":746,"w":742,"h":520},"rotated":true,"trimmed":true,"spriteSourceSize":{"x":158,"y":316,"w":742,"h":520},"sourceSize":{"w":1000,"h":1000}},"output_054.png":{"frame":{"x":1490,"y":1490,"w":742,"h":519},"rotated":false,"trimmed":true,"spriteSourceSize":{"x":158,"y":317,"w":742,"h":519},"sourceSize":{"w":1000,"h":1000}},"output_053.png":{"frame":{"x":746,"y":2009,"w":742,"h":518},"rotated":false,"trimmed":true,"spriteSourceSize":{"x":158,"y":319,"w":742,"h":518},"sourceSize":{"w":1000,"h":1000}},"output_052.png":{"frame":{"x":2,"y":2099,"w":742,"h":519},"rotated":false,"trimmed":true,"spriteSourceSize":{"x":158,"y":319,"w":742,"h":519},"sourceSize":{"w":1000,"h":1000}},"output_051.png":{"frame":{"x":1490,"y":2011,"w":742,"h":518},"rotated":false,"trimmed":true,"spriteSourceSize":{"x":158,"y":320,"w":742,"h":518},"sourceSize":{"w":1000,"h":1000}},"output_050.png":{"frame":{"x":2315,"y":2,"w":742,"h":517},"rotated":true,"trimmed":true,"spriteSourceSize":{"x":158,"y":322,"w":742,"h":517},"sourceSize":{"w":1000,"h":1000}},"output_049.png":{"frame":{"x":2313,"y":746,"w":742,"h":517},"rotated":true,"trimmed":true,"spriteSourceSize":{"x":158,"y":323,"w":742,"h":517},"sourceSize":{"w":1000,"h":1000}},"output_048.png":{"frame":{"x":2234,"y":1490,"w":742,"h":517},"rotated":true,"trimmed":true,"spriteSourceSize":{"x":158,"y":324,"w":742,"h":517},"sourceSize":{"w":1000,"h":1000}},"output_047.png":{"frame":{"x":2,"y":2620,"w":741,"h":517},"rotated":false,"trimmed":true,"spriteSourceSize":{"x":159,"y":325,"w":741,"h":517},"sourceSize":{"w":1000,"h":1000}},"output_046.png":{"frame":{"x":746,"y":2529,"w":741,"h":515},"rotated":false,"trimmed":true,"spriteSourceSize":{"x":159,"y":327,"w":741,"h":515},"sourceSize":{"w":1000,"h":1000}},"output_045.png":{"frame":{"x":2234,"y":2234,"w":741,"h":515},"rotated":true,"trimmed":true,"spriteSourceSize":{"x":159,"y":328,"w":741,"h":515},"sourceSize":{"w":1000,"h":1000}},"output_044.png":{"frame":{"x":1489,"y":2531,"w":742,"h":515},"rotated":false,"trimmed":true,"spriteSourceSize":{"x":158,"y":329,"w":742,"h":515},"sourceSize":{"w":1000,"h":1000}},"output_043.png":{"frame":{"x":2834,"y":2,"w":742,"h":516},"rotated":true,"trimmed":true,"spriteSourceSize":{"x":158,"y":330,"w":742,"h":516},"sourceSize":{"w":1000,"h":1000}},"output_042.png":{"frame":{"x":2832,"y":746,"w":742,"h":515},"rotated":true,"trimmed":true,"spriteSourceSize":{"x":158,"y":331,"w":742,"h":515},"sourceSize":{"w":1000,"h":1000}},"output_041.png":{"frame":{"x":2753,"y":1490,"w":765,"h":515},"rotated":true,"trimmed":true,"spriteSourceSize":{"x":135,"y":332,"w":765,"h":515},"sourceSize":{"w":1000,"h":1000}},"output_040.png":{"frame":{"x":2751,"y":2257,"w":740,"h":515},"rotated":true,"trimmed":true,"spriteSourceSize":{"x":160,"y":333,"w":740,"h":515},"sourceSize":{"w":1000,"h":1000}},"output_039.png":{"frame":{"x":2,"y":3139,"w":772,"h":515},"rotated":false,"trimmed":true,"spriteSourceSize":{"x":128,"y":334,"w":772,"h":515},"sourceSize":{"w":1000,"h":1000}},"output_038.png":{"frame":{"x":776,"y":3048,"w":777,"h":515},"rotated":false,"trimmed":true,"spriteSourceSize":{"x":123,"y":335,"w":777,"h":515},"sourceSize":{"w":1000,"h":1000}},"output_037.png":{"frame":{"x":1555,"y":3048,"w":740,"h":515},"rotated":false,"trimmed":true,"spriteSourceSize":{"x":160,"y":336,"w":740,"h":515},"sourceSize":{"w":1000,"h":1000}},"output_036.png":{"frame":{"x":2297,"y":2999,"w":789,"h":514},"rotated":false,"trimmed":true,"spriteSourceSize":{"x":111,"y":338,"w":789,"h":514},"sourceSize":{"w":1000,"h":1000}},"output_035.png":{"frame":{"x":3352,"y":2,"w":800,"h":516},"rotated":true,"trimmed":true,"spriteSourceSize":{"x":100,"y":338,"w":800,"h":516},"sourceSize":{"w":1000,"h":1000}},"output_034.png":{"frame":{"x":3349,"y":804,"w":800,"h":515},"rotated":true,"trimmed":true,"spriteSourceSize":{"x":100,"y":340,"w":800,"h":515},"sourceSize":{"w":1000,"h":1000}},"output_033.png":{"frame":{"x":3270,"y":1606,"w":800,"h":515},"rotated":true,"trimmed":true,"spriteSourceSize":{"x":100,"y":341,"w":800,"h":515},"sourceSize":{"w":1000,"h":1000}},"output_032.png":{"frame":{"x":3268,"y":2408,"w":800,"h":516},"rotated":true,"trimmed":true,"spriteSourceSize":{"x":100,"y":342,"w":800,"h":516},"sourceSize":{"w":1000,"h":1000}}},"meta":{"app":"http://github.com/pixijs/assetpack","version":"1.0","image":"animated-2.png","format":"RGBA8888","size":{"w":3903,"h":3764},"scale":1,"related_multi_packs":null}}