{"frames":{"sprite.gif":{"frame":{"x":2,"y":2,"w":1000,"h":1000},"rotated":false,"trimmed":false,"spriteSourceSize":{"x":0,"y":0,"w":1000,"h":1000},"sourceSize":{"w":1000,"h":1000}},"S.png":{"frame":{"x":1004,"y":2,"w":158,"h":195},"rotated":false,"trimmed":true,"spriteSourceSize":{"x":21,"y":3,"w":158,"h":195},"sourceSize":{"w":200,"h":200}},"l3.png":{"frame":{"x":1004,"y":199,"w":160,"h":89},"rotated":true,"trimmed":true,"spriteSourceSize":{"x":20,"y":56,"w":160,"h":89},"sourceSize":{"w":200,"h":200}},"l2.png":{"frame":{"x":1004,"y":361,"w":139,"h":161},"rotated":false,"trimmed":true,"spriteSourceSize":{"x":25,"y":26,"w":139,"h":161},"sourceSize":{"w":200,"h":200}},"l1.png":{"frame":{"x":2,"y":1004,"w":181,"h":164},"rotated":false,"trimmed":true,"spriteSourceSize":{"x":12,"y":20,"w":181,"h":164},"sourceSize":{"w":200,"h":200}},"icon-settings.png":{"frame":{"x":1095,"y":199,"w":22,"h":30},"rotated":true,"trimmed":true,"spriteSourceSize":{"x":8,"y":5,"w":22,"h":30},"sourceSize":{"w":40,"h":40}},"icon-pause (4).png":{"frame":{"x":1127,"y":199,"w":33,"h":33},"rotated":false,"trimmed":true,"spriteSourceSize":{"x":2,"y":4,"w":33,"h":33},"sourceSize":{"w":40,"h":40}},"icon-pause (1).png":{"frame":{"x":1095,"y":223,"w":30,"h":30},"rotated":false,"trimmed":true,"spriteSourceSize":{"x":5,"y":5,"w":30,"h":30},"sourceSize":{"w":40,"h":40}},"h5.png":{"frame":{"x":185,"y":1004,"w":160,"h":138},"rotated":true,"trimmed":true,"spriteSourceSize":{"x":20,"y":31,"w":160,"h":138},"sourceSize":{"w":200,"h":200}},"h3.png":{"frame":{"x":1004,"y":524,"w":103,"h":168},"rotated":false,"trimmed":true,"spriteSourceSize":{"x":52,"y":12,"w":103,"h":168},"sourceSize":{"w":200,"h":200}},"h2.png":{"frame":{"x":325,"y":1004,"w":161,"h":160},"rotated":true,"trimmed":true,"spriteSourceSize":{"x":22,"y":21,"w":161,"h":160},"sourceSize":{"w":200,"h":200}},"h1.png":{"frame":{"x":487,"y":1004,"w":162,"h":162},"rotated":false,"trimmed":true,"spriteSourceSize":{"x":19,"y":19,"w":162,"h":162},"sourceSize":{"w":200,"h":200}},"explosion-animation (8).png":{"frame":{"x":1004,"y":694,"w":102,"h":84},"rotated":false,"trimmed":true,"spriteSourceSize":{"x":46,"y":48,"w":102,"h":84},"sourceSize":{"w":200,"h":200}},"explosion-animation (7).png":{"frame":{"x":1004,"y":780,"w":151,"h":124},"rotated":false,"trimmed":true,"spriteSourceSize":{"x":29,"y":35,"w":151,"h":124},"sourceSize":{"w":200,"h":200}},"explosion-animation (6).png":{"frame":{"x":1004,"y":906,"w":138,"h":133},"rotated":false,"trimmed":true,"spriteSourceSize":{"x":27,"y":26,"w":138,"h":133},"sourceSize":{"w":200,"h":200}},"explosion-animation (5).png":{"frame":{"x":651,"y":1004,"w":159,"h":115},"rotated":true,"trimmed":true,"spriteSourceSize":{"x":19,"y":43,"w":159,"h":115},"sourceSize":{"w":200,"h":200}},"explosion-animation (4).png":{"frame":{"x":768,"y":1004,"w":133,"h":95},"rotated":true,"trimmed":true,"spriteSourceSize":{"x":37,"y":41,"w":133,"h":95},"sourceSize":{"w":200,"h":200}},"explosion-animation (3).png":{"frame":{"x":865,"y":1041,"w":106,"h":111},"rotated":false,"trimmed":true,"spriteSourceSize":{"x":56,"y":56,"w":106,"h":111},"sourceSize":{"w":200,"h":200}},"explosion-animation (2).png":{"frame":{"x":973,"y":1041,"w":69,"h":93},"rotated":false,"trimmed":true,"spriteSourceSize":{"x":70,"y":76,"w":69,"h":93},"sourceSize":{"w":200,"h":200}},"explosion-animation (1).png":{"frame":{"x":1127,"y":234,"w":44,"h":35},"rotated":true,"trimmed":true,"spriteSourceSize":{"x":78,"y":82,"w":44,"h":35},"sourceSize":{"w":200,"h":200}},"button.png":{"frame":{"x":1095,"y":255,"w":15,"h":30},"rotated":true,"trimmed":true,"spriteSourceSize":{"x":13,"y":5,"w":15,"h":30},"sourceSize":{"w":40,"h":40}}},"meta":{"app":"http://github.com/pixijs/assetpack","version":"1.0","image":"animated.png","format":"RGBA8888","size":{"w":1164,"h":1170},"scale":1,"related_multi_packs":[]}}